{
  "kind": "collectionType",
  "collectionName": "wells",
  "info": {
    "singularName": "well",
    "pluralName": "wells",
    "displayName": "Well",
    "description": ""
  },
  "options": {
    "draftAndPublish": true
  },
  "pluginOptions": {},
  "attributes": {
    "name": {
      "type": "string"
    },
    "position_index": {
      "type": "string"
    },
    "plate": {
      "type": "relation",
      "relation": "manyToOne",
      "target": "api::plate.plate",
      "inversedBy": "wells"
    },
    "samples": {
      "type": "relation",
      "relation": "oneToMany",
      "target": "api::sample.sample",
      "mappedBy": "well"
    },
    "marked_for_deletion": {
      "type": "boolean"
    }
  }
}
